seq,time_s,dt_s,lin_x,lin_y,lin_z,ang_x,ang_y,ang_z
0,0.0000,0.0000,0.000000,0.000000,0.000000,0.000000,0.000000,0.000000
1,0.0500,0.0500,0.013000,0.000000,0.000000,0.000000,0.000000,0.000000
2,0.1000,0.0500,0.026000,0.000000,0.000000,0.000000,0.000000,0.000000
3,0.1500,0.0500,0.039000,0.000000,0.000000,0.000000,0.000000,0.000000
4,0.2000,0.0500,0.052000,0.000000,0.000000,0.000000,0.000000,0.000000
5,0.2500,0.0500,0.065000,0.000000,0.000000,0.000000,0.000000,0.000000
6,0.3000,0.0500,0.078000,0.000000,0.000000,0.000000,0.000000,0.000000
7,0.3500,0.0500,0.091000,0.000000,0.000000,0.000000,0.000000,0.000000
8,0.4000,0.0500,0.104000,0.000000,0.000000,0.000000,0.000000,0.000000
9,0.4500,0.0500,0.117000,0.000000,0.000000,0.000000,0.000000,0.000000
10,0.5000,0.0500,0.130000,0.000000,0.000000,0.000000,0.000000,0.000000
11,0.5500,0.0500,0.143000,0.000000,0.000000,0.000000,0.000000,0.000000
12,0.6000,0.0500,0.156000,0.000000,0.000000,0.000000,0.000000,0.000000
13,0.6500,0.0500,0.169000,0.000000,0.000000,0.000000,0.000000,0.000000
14,0.7000,0.0500,0.182000,0.000000,0.000000,0.000000,0.000000,0.000000
15,0.7500,0.0500,0.195000,0.000000,0.000000,0.000000,0.000000,0.000000
16,0.8000,0.0500,0.208000,0.000000,0.000000,0.000000,0.000000,0.000000
17,0.8500,0.0500,0.221000,0.000000,0.000000,0.000000,0.000000,0.000000
18,0.9000,0.0500,0.234000,0.000000,0.000000,0.000000,0.000000,0.000000
19,0.9500,0.0500,0.247000,0.000000,0.000000,0.000000,0.000000,0.000000
20,1.0000,0.0500,0.260000,0.000000,0.000000,0.000000,0.000000,0.000000
21,1.0500,0.0500,0.260000,0.000000,0.000000,0.000000,0.000000,0.000000
22,1.1000,0.0500,0.260000,0.000000,0.000000,0.000000,0.000000,0.000000
23,1.1500,0.0500,0.260000,0.000000,0.000000,0.000000,0.000000,0.000000
24,1.2000,0.0500,0.260000,0.000000,0.000000,0.000000,0.000000,0.000000
25,1.2500,0.0500,0.260000,0.000000,0.000000,0.000000,0.000000,0.000000
26,1.3000,0.0500,0.260000,0.000000,0.000000,0.000000,0.000000,0.000000
27,1.3500,0.0500,0.260000,0.000000,0.000000,0.000000,0.000000,0.000000
28,1.4000,0.0500,0.260000,0.000000,0.000000,0.000000,0.000000,0.000000
29,1.4500,0.0500,0.260000,0.000000,0.000000,0.000000,0.000000,0.000000
30,1.5000,0.0500,0.260000,0.000000,0.000000,0.000000,0.000000,0.000000
31,1.5500,0.0500,0.260000,0.000000,0.000000,0.000000,0.000000,0.000000
32,1.6000,0.0500,0.260000,0.000000,0.000000,0.000000,0.000000,0.000000
33,1.6500,0.0500,0.260000,0.000000,0.000000,0.000000,0.000000,0.000000
34,1.7000,0.0500,0.260000,0.000000,0.000000,0.000000,0.000000,0.000000
35,1.7500,0.0500,0.260000,0.000000,0.000000,0.000000,0.000000,0.000000
36,1.8000,0.0500,0.260000,0.000000,0.000000,0.000000,0.000000,0.000000
37,1.8500,0.0500,0.260000,0.000000,0.000000,0.000000,0.000000,0.000000
38,1.9000,0.0500,0.260000,0.000000,0.000000,0.000000,0.000000,0.000000
39,1.9500,0.0500,0.260000,0.000000,0.000000,0.000000,0.000000,0.000000
40,2.0000,0.0500,0.260000,0.000000,0.000000,0.000000,0.000000,0.000000
41,2.0500,0.0500,0.260000,0.000000,0.000000,0.000000,0.000000,0.000000
42,2.1000,0.0500,0.260000,0.000000,0.000000,0.000000,0.000000,0.000000
43,2.1500,0.0500,0.260000,0.000000,0.000000,0.000000,0.000000,0.000000
44,2.2000,0.0500,0.260000,0.000000,0.000000,0.000000,0.000000,0.000000
45,2.2500,0.0500,0.260000,0.000000,0.000000,0.000000,0.000000,0.000000
46,2.3000,0.0500,0.260000,0.000000,0.000000,0.000000,0.000000,0.000000
47,2.3500,0.0500,0.260000,0.000000,0.000000,0.000000,0.000000,0.000000
48,2.4000,0.0500,0.260000,0.000000,0.000000,0.000000,0.000000,0.000000
49,2.4500,0.0500,0.260000,0.000000,0.000000,0.000000,0.000000,0.000000
50,2.5000,0.0500,0.260000,0.000000,0.000000,0.000000,0.000000,0.000000
51,2.5500,0.0500,0.260000,0.000000,0.000000,0.000000,0.000000,0.000000
52,2.6000,0.0500,0.260000,0.000000,0.000000,0.000000,0.000000,0.000000
53,2.6500,0.0500,0.260000,0.000000,0.000000,0.000000,0.000000,0.000000
54,2.7000,0.0500,0.260000,0.000000,0.000000,0.000000,0.000000,0.000000
55,2.7500,0.0500,0.260000,0.000000,0.000000,0.000000,0.000000,0.000000
56,2.8000,0.0500,0.260000,0.000000,0.000000,0.000000,0.000000,0.000000
57,2.8500,0.0500,0.260000,0.000000,0.000000,0.000000,0.000000,0.000000
58,2.9000,0.0500,0.260000,0.000000,0.000000,0.000000,0.000000,0.000000
59,2.9500,0.0500,0.260000,0.000000,0.000000,0.000000,0.000000,0.000000
60,3.0000,0.0500,0.260000,0.000000,0.000000,0.000000,0.000000,0.000000
61,3.0500,0.0500,0.260000,0.000000,0.000000,0.000000,0.000000,0.000000
62,3.1000,0.0500,0.260000,0.000000,0.000000,0.000000,0.000000,0.000000
63,3.1500,0.0500,0.260000,0.000000,0.000000,0.000000,0.000000,0.000000
64,3.2000,0.0500,0.260000,0.000000,0.000000,0.000000,0.000000,0.000000
65,3.2500,0.0500,0.260000,0.000000,0.000000,0.000000,0.000000,0.000000
66,3.3000,0.0500,0.260000,0.000000,0.000000,0.000000,0.000000,0.000000
67,3.3500,0.0500,0.260000,0.000000,0.000000,0.000000,0.000000,0.000000
68,3.4000,0.0500,0.260000,0.000000,0.000000,0.000000,0.000000,0.000000
69,3.4500,0.0500,0.260000,0.000000,0.000000,0.000000,0.000000,0.000000
70,3.5000,0.0500,0.260000,0.000000,0.000000,0.000000,0.000000,0.000000
71,3.5500,0.0500,0.260000,0.000000,0.000000,0.000000,0.000000,0.000000
72,3.6000,0.0500,0.260000,0.000000,0.000000,0.000000,0.000000,0.000000
73,3.6500,0.0500,0.260000,0.000000,0.000000,0.000000,0.000000,0.000000
74,3.7000,0.0500,0.260000,0.000000,0.000000,0.000000,0.000000,0.000000
75,3.7500,0.0500,0.260000,0.000000,0.000000,0.000000,0.000000,0.000000
76,3.8000,0.0500,0.260000,0.000000,0.000000,0.000000,0.000000,0.000000
77,3.8500,0.0500,0.260000,0.000000,0.000000,0.000000,0.000000,0.000000
78,3.9000,0.0500,0.260000,0.000000,0.000000,0.000000,0.000000,0.000000
79,3.9500,0.0500,0.260000,0.000000,0.000000,0.000000,0.000000,0.000000
80,4.0000,0.0500,0.260000,0.000000,0.000000,0.000000,0.000000,0.000000
81,4.0500,0.0500,0.260000,0.000000,0.000000,0.000000,0.000000,0.000000
82,4.1000,0.0500,0.260000,0.000000,0.000000,0.000000,0.000000,0.000000
83,4.1500,0.0500,0.260000,0.000000,0.000000,0.000000,0.000000,0.000000
84,4.2000,0.0500,0.260000,0.000000,0.000000,0.000000,0.000000,0.000000
85,4.2500,0.0500,0.260000,0.000000,0.000000,0.000000,0.000000,0.000000
86,4.3000,0.0500,0.260000,0.000000,0.000000,0.000000,0.000000,0.000000
87,4.3500,0.0500,0.260000,0.000000,0.000000,0.000000,0.000000,0.000000
88,4.4000,0.0500,0.260000,0.000000,0.000000,0.000000,0.000000,0.000000
89,4.4500,0.0500,0.260000,0.000000,0.000000,0.000000,0.000000,0.000000
90,4.5000,0.0500,0.260000,0.000000,0.000000,0.000000,0.000000,0.000000
91,4.5500,0.0500,0.260000,0.000000,0.000000,0.000000,0.000000,0.000000
92,4.6000,0.0500,0.260000,0.000000,0.000000,0.000000,0.000000,0.000000
93,4.6500,0.0500,0.260000,0.000000,0.000000,0.000000,0.000000,0.000000
94,4.7000,0.0500,0.260000,0.000000,0.000000,0.000000,0.000000,0.000000
95,4.7500,0.0500,0.260000,0.000000,0.000000,0.000000,0.000000,0.000000
96,4.8000,0.0500,0.260000,0.000000,0.000000,0.000000,0.000000,0.000000
97,4.8500,0.0500,0.260000,0.000000,0.000000,0.000000,0.000000,0.000000
98,4.9000,0.0500,0.260000,0.000000,0.000000,0.000000,0.000000,0.000000
99,4.9500,0.0500,0.260000,0.000000,0.000000,0.000000,0.000000,0.000000
100,5.0000,0.0500,0.260000,0.000000,0.000000,0.000000,0.000000,0.000000
101,5.0500,0.0500,0.247000,0.000000,0.000000,0.000000,0.000000,0.000000
102,5.1000,0.0500,0.234000,0.000000,0.000000,0.000000,0.000000,0.000000
103,5.1500,0.0500,0.221000,0.000000,0.000000,0.000000,0.000000,0.000000
104,5.2000,0.0500,0.208000,0.000000,0.000000,0.000000,0.000000,0.000000
105,5.2500,0.0500,0.195000,0.000000,0.000000,0.000000,0.000000,0.000000
106,5.3000,0.0500,0.182000,0.000000,0.000000,0.000000,0.000000,0.000000
107,5.3500,0.0500,0.169000,0.000000,0.000000,0.000000,0.000000,0.000000
108,5.4000,0.0500,0.156000,0.000000,0.000000,0.000000,0.000000,0.000000
109,5.4500,0.0500,0.143000,0.000000,0.000000,0.000000,0.000000,0.000000
110,5.5000,0.0500,0.130000,0.000000,0.000000,0.000000,0.000000,0.000000
111,5.5500,0.0500,0.117000,0.000000,0.000000,0.000000,0.000000,0.000000
112,5.6000,0.0500,0.104000,0.000000,0.000000,0.000000,0.000000,0.000000
113,5.6500,0.0500,0.091000,0.000000,0.000000,0.000000,0.000000,0.000000
114,5.7000,0.0500,0.078000,0.000000,0.000000,0.000000,0.000000,0.000000
115,5.7500,0.0500,0.065000,0.000000,0.000000,0.000000,0.000000,0.000000
116,5.8000,0.0500,0.052000,0.000000,0.000000,0.000000,0.000000,0.000000
117,5.8500,0.0500,0.039000,0.000000,0.000000,0.000000,0.000000,0.000000
118,5.9000,0.0500,0.026000,0.000000,0.000000,0.000000,0.000000,0.000000
119,5.9500,0.0500,0.013000,0.000000,0.000000,0.000000,0.000000,0.000000
120,6.0000,0.0500,0.000000,0.000000,0.000000,0.000000,0.000000,0.000000
